{"cameraMode":{"drawMode":0,"name":"Shaded","section":"Shading Mode"},"sceneLighting":false,"audioPlay":false,"sceneViewState":{"showFog":false,"showMaterialUpdate":false,"showSkybox":false,"showFlares":false,"showImageEffects":false,"showParticleSystems":true},"in2DMode":false,"pivot":{"x":-1.8072999715805054,"y":0.7786379456520081,"z":7.172729015350342},"rotation":{"x":0.22306068241596223,"y":0.01988191157579422,"z":-0.00455054547637701,"w":0.9745960235595703},"size":4.521997928619385,"orthographic":false}