{"cameraMode":{"drawMode":0,"name":"Shaded","section":"Shading Mode"},"sceneLighting":false,"audioPlay":false,"sceneViewState":{"showFog":false,"showMaterialUpdate":false,"showSkybox":false,"showFlares":false,"showImageEffects":false,"showParticleSystems":true},"in2DMode":false,"pivot":{"x":0.3648029565811157,"y":-0.5343823432922363,"z":0.6935532689094544},"rotation":{"x":-0.06769996136426926,"y":0.8887830972671509,"z":-0.4313177764415741,"w":-0.1395113617181778},"size":0.872075617313385,"orthographic":false}