{"cameraMode":{"drawMode":0,"name":"Shaded","section":"Shading Mode"},"sceneLighting":false,"audioPlay":false,"sceneViewState":{"showFog":true,"showMaterialUpdate":true,"showSkybox":false,"showFlares":true,"showImageEffects":true,"showParticleSystems":true},"in2DMode":false,"pivot":{"x":-1.9021564722061158,"y":1.551076054573059,"z":7.047285079956055},"rotation":{"x":0.3190500736236572,"y":0.6554678082466126,"z":-0.3561204969882965,"w":0.5852986574172974},"size":0.9219982028007507,"orthographic":false}