{"cameraMode":{"drawMode":0,"name":"Shaded","section":"Shading Mode"},"sceneLighting":false,"audioPlay":false,"sceneViewState":{"showFog":false,"showMaterialUpdate":false,"showSkybox":false,"showFlares":false,"showImageEffects":false,"showParticleSystems":true},"in2DMode":false,"pivot":{"x":108.83631896972656,"y":253.67984008789063,"z":-1.499850869178772},"rotation":{"x":-0.19994103908538819,"y":-0.011170735582709313,"z":0.0022797449491918089,"w":-0.9797477722167969},"size":838.5043334960938,"orthographic":false}