{"cameraMode":{"drawMode":0,"name":"Shaded","section":"Shading Mode"},"sceneLighting":true,"audioPlay":false,"sceneViewState":{"showFog":false,"showMaterialUpdate":false,"showSkybox":false,"showFlares":false,"showImageEffects":false,"showParticleSystems":true},"in2DMode":false,"pivot":{"x":0.06811437010765076,"y":2.63618540763855,"z":10.00167465209961},"rotation":{"x":-0.1193709447979927,"y":0.10316041111946106,"z":-0.012471679598093033,"w":-0.987403929233551},"size":6.712033271789551,"orthographic":false}