{"cameraMode":{"drawMode":0,"name":"Shaded","section":"Shading Mode"},"sceneLighting":false,"audioPlay":false,"sceneViewState":{"showFog":true,"showMaterialUpdate":true,"showSkybox":false,"showFlares":true,"showImageEffects":true,"showParticleSystems":true},"in2DMode":false,"pivot":{"x":-1.8072999715805054,"y":0.7786378860473633,"z":7.172729015350342},"rotation":{"x":0.1401604562997818,"y":0.8110990524291992,"z":-0.21367281675338746,"w":0.5268315076828003},"size":4.521997928619385,"orthographic":false}