{"cameraMode":{"drawMode":0,"name":"Shaded","section":"Shading Mode"},"sceneLighting":false,"audioPlay":false,"sceneViewState":{"showFog":false,"showMaterialUpdate":false,"showSkybox":false,"showFlares":false,"showImageEffects":false,"showParticleSystems":true},"in2DMode":false,"pivot":{"x":0.12722375988960267,"y":0.9797226190567017,"z":9.88300895690918},"rotation":{"x":-0.19680632650852204,"y":-0.04498624429106712,"z":0.009040100499987603,"w":-0.9793748259544373},"size":3.4416584968566896,"orthographic":false}