{"cameraMode":{"drawMode":0,"name":"Shaded","section":"Shading Mode"},"sceneLighting":true,"audioPlay":false,"sceneViewState":{"showFog":true,"showMaterialUpdate":true,"showSkybox":true,"showFlares":true,"showImageEffects":true,"showParticleSystems":true},"in2DMode":false,"pivot":{"x":-6.608222961425781,"y":2.3597753047943117,"z":24.97063446044922},"rotation":{"x":-0.028463438153266908,"y":-0.5907437801361084,"z":0.020059511065483094,"w":-0.8067142367362976},"size":21.315908432006837,"orthographic":false}