{"cameraMode":{"drawMode":0,"name":"Shaded","section":"Shading Mode"},"sceneLighting":false,"audioPlay":false,"sceneViewState":{"showFog":false,"showMaterialUpdate":false,"showSkybox":false,"showFlares":false,"showImageEffects":false,"showParticleSystems":true},"in2DMode":false,"pivot":{"x":-1.8072999715805054,"y":0.7786379456520081,"z":7.172729015350342},"rotation":{"x":-0.18782939016819,"y":-0.5434649586677551,"z":0.12628036737442017,"w":-0.8083517551422119},"size":3.0219976902008058,"orthographic":false}